id;numero;numero_ifu;numero_rccm;telephone;siege_social;code_postal;email
1;grey District schemas;Soap;Awesome Wooden Chicken silver deposit;159-350-4795 x04660;cultivate Practical Plastic Computer;Generic;Ruthe17@gmail.com
2;supply-chains generate communities;Director;Bike Bike;(658) 118-0016 x0756;rich IB Cotton;Mountains Utah;Aaliyah60@gmail.com
3;Pizza;Central;bus Metal;818.712.0937;Belgium rich;Integrated ADP;Colt.Bailey20@gmail.com
4;Gorgeous Concrete Ball Union;sky blue SQL programming;bus invoice Incredible Metal Soap;802.090.3506 x387;Gourde US Dollar;application orange;Kirstin0@yahoo.com
5;Orchestrator transmit Oklahoma;asymmetric copy California;platforms;221.426.4464;Multi-tiered leverage;Soft compressing conglomeration;Alana_Pouros16@gmail.com
6;Gorgeous Rubber Pizza open-source Steel;Accounts Keyboard Representative;process improvement transmit;1-977-298-2265;Intelligent Steel Chicken;Future magenta capacitor;Alize37@hotmail.com
7;integrate Credit Card Account Kids;Highway Steel;Producer Home Loan Account cohesive;278.447.0012;Dynamic Up-sized Lek;invoice;George.Yost@yahoo.com
8;Concrete Credit Card Account;Handmade Steel Chicken panel SDD;invoice;918-358-8576 x17691;Engineer Rubber;HDD Fresh;Georgette_Anderson@gmail.com
9;Concrete;Row Program;Lock Investor;479-720-5924;Computers aggregate;users magenta withdrawal;Shirley_Hayes30@gmail.com
10;quantify;Checking Account Soft;Mouse withdrawal Coordinator;1-824-429-7613 x2713;Rhode Island Rustic Frozen Sausages;Fundamental Product;Santa67@hotmail.com
