id;numero_commande;date_commande;quantite_commande
1;protocol turquoise;2020-02-19T19:16:48;84849
2;Bedfordshire toolset;2020-02-19T22:10:37;63817
3;sexy Table real-time;2020-02-20T04:36:26;99499
4;Avon;2020-02-20T00:33:57;91327
5;tertiary Causeway;2020-02-19T13:11:10;78825
6;District Bedfordshire;2020-02-19T15:28:47;73818
7;dot-com;2020-02-19T21:13:30;2371
8;Computers Bedfordshire Money Market Account;2020-02-20T03:13:04;86718
9;application Motorway;2020-02-19T19:38:13;343
10;Creative orchestrate Books;2020-02-20T10:22:11;80171
