id;principal;url;action;ip;date_action
1;Avon;http://damion.biz;Nevada transmit;purple synthesize;2020-06-24T11:55:49
2;deliver Ball Incredible Granite Bike;https://arno.biz;JBOD pixel;virtual;2020-06-23T18:55:18
3;HTTP Malaysia AI;https://joy.net;cross-platform Cotton;experiences;2020-06-23T18:03:33
4;Corporate monitor;https://kyler.net;relationships program drive;driver Communications copying;2020-06-23T19:31:48
5;value-added;https://julia.org;Savings Account Indiana flexibility;index;2020-06-23T13:16:41
6;EXE;http://mollie.name;Serbia executive Oregon;SDD EXE;2020-06-24T05:49:38
7;silver;https://jannie.net;Markets Cambridgeshire Gloves;engineer;2020-06-24T06:29:47
8;Checking Account Passage Frozen;https://aileen.biz;salmon;Tennessee;2020-06-23T19:29:27
9;Angola Refined Buckinghamshire;http://juwan.net;Incredible Frozen Table Falkland Islands Pound Granite;directional pixel Nebraska;2020-06-23T23:00:26
10;Practical Fresh Bacon Ergonomic Terrace;http://amara.com;Buckinghamshire;architecture Unbranded;2020-06-24T03:56:01
